pair_id,lang,density,signal,value,model
MP001,ko,low,layer_delta,0.07819767973639748,klue/bert-base
MP001,ko,high,layer_delta,0.07666877183047208,klue/bert-base
MP002,ko,low,layer_delta,0.07776353575966576,klue/bert-base
MP002,ko,high,layer_delta,0.07685968550768765,klue/bert-base
MP003,ko,low,layer_delta,0.078607900576158,klue/bert-base
MP003,ko,high,layer_delta,0.07883810455148871,klue/bert-base
MP004,ko,low,layer_delta,0.07553377476605502,klue/bert-base
MP004,ko,high,layer_delta,0.08135759288614447,klue/bert-base
MP005,ko,low,layer_delta,0.07788240909576416,klue/bert-base
MP005,ko,high,layer_delta,0.07630641893907027,klue/bert-base
MP006,ko,low,layer_delta,0.07506817037409003,klue/bert-base
MP006,ko,high,layer_delta,0.0737070387059992,klue/bert-base
MP007,ko,low,layer_delta,0.08026613430543379,klue/bert-base
MP007,ko,high,layer_delta,0.07987257025458595,klue/bert-base
MP008,ko,low,layer_delta,0.07616029544310136,klue/bert-base
MP008,ko,high,layer_delta,0.07942125472155484,klue/bert-base
MP009,ko,low,layer_delta,0.08065988800742409,klue/bert-base
MP009,ko,high,layer_delta,0.0817331075668335,klue/bert-base
MP010,ko,low,layer_delta,0.07716531645167958,klue/bert-base
MP010,ko,high,layer_delta,0.0805016268383373,klue/bert-base
MP011,ko,low,layer_delta,0.07622491229664195,klue/bert-base
MP011,ko,high,layer_delta,0.07802838628942316,klue/bert-base
MP012,ko,low,layer_delta,0.07202211835167625,klue/bert-base
MP012,ko,high,layer_delta,0.07542742382396352,klue/bert-base
MP013,ko,low,layer_delta,0.07633187554099342,klue/bert-base
MP013,ko,high,layer_delta,0.0797178799455816,klue/bert-base
MP014,ko,low,layer_delta,0.07698333263397217,klue/bert-base
MP014,ko,high,layer_delta,0.08197111975062978,klue/bert-base
MP015,ko,low,layer_delta,0.07774337855252353,klue/bert-base
MP015,ko,high,layer_delta,0.07646947557275946,klue/bert-base
MP016,ko,low,layer_delta,0.07842935757203535,klue/bert-base
MP016,ko,high,layer_delta,0.08272419192574242,klue/bert-base
MP017,ko,low,layer_delta,0.07634237679568204,klue/bert-base
MP017,ko,high,layer_delta,0.07916835221377286,klue/bert-base
MP018,ko,low,layer_delta,0.07606890526684848,klue/bert-base
MP018,ko,high,layer_delta,0.0788895000110973,klue/bert-base
MP019,ko,low,layer_delta,0.07892635735598477,klue/bert-base
MP019,ko,high,layer_delta,0.07612722028385509,klue/bert-base
MP020,ko,low,layer_delta,0.0769940506328236,klue/bert-base
MP020,ko,high,layer_delta,0.07987163825468584,klue/bert-base
MP021,ko,low,layer_delta,0.08065220442685214,klue/bert-base
MP021,ko,high,layer_delta,0.0799303108995611,klue/bert-base
MP022,ko,low,layer_delta,0.07626001943241466,klue/bert-base
MP022,ko,high,layer_delta,0.07928724722428755,klue/bert-base
MP023,ko,low,layer_delta,0.07917565107345581,klue/bert-base
MP023,ko,high,layer_delta,0.08234154636209662,klue/bert-base
MP024,ko,low,layer_delta,0.07693092931400645,klue/bert-base
MP024,ko,high,layer_delta,0.08165545897050337,klue/bert-base
MP025,ko,low,layer_delta,0.07729403539137407,klue/bert-base
MP025,ko,high,layer_delta,0.08026592297987505,klue/bert-base
MP026,ko,low,layer_delta,0.0779923525723544,klue/bert-base
MP026,ko,high,layer_delta,0.07784908468073065,klue/bert-base
MP027,ko,low,layer_delta,0.07990269227461382,klue/bert-base
MP027,ko,high,layer_delta,0.0806533694267273,klue/bert-base
MP028,ko,low,layer_delta,0.07876268842003563,klue/bert-base
MP028,ko,high,layer_delta,0.08317678083073009,klue/bert-base
MP029,ko,low,layer_delta,0.07880051569505171,klue/bert-base
MP029,ko,high,layer_delta,0.0802234790541909,klue/bert-base
MP030,ko,low,layer_delta,0.07812025872143832,klue/bert-base
MP030,ko,high,layer_delta,0.07296122204173695,klue/bert-base
MP031,ko,low,layer_delta,0.07687462459911,klue/bert-base
MP031,ko,high,layer_delta,0.07695930654352362,klue/bert-base
MP032,ko,low,layer_delta,0.07430563731627031,klue/bert-base
MP032,ko,high,layer_delta,0.07774010571566495,klue/bert-base
MP033,ko,low,layer_delta,0.07927650755101984,klue/bert-base
MP033,ko,high,layer_delta,0.07633897391232577,klue/bert-base
MP034,ko,low,layer_delta,0.07449736920270053,klue/bert-base
MP034,ko,high,layer_delta,0.07951133359562267,klue/bert-base
MP035,ko,low,layer_delta,0.08253134922547774,klue/bert-base
MP035,ko,high,layer_delta,0.07826437733390114,klue/bert-base
MP036,ko,low,layer_delta,0.07624211094596169,klue/bert-base
MP036,ko,high,layer_delta,0.0770162885839289,klue/bert-base
MP037,ko,low,layer_delta,0.07563024217432196,klue/bert-base
MP037,ko,high,layer_delta,0.07702495835044167,klue/bert-base
MP038,ko,low,layer_delta,0.07840336452830922,klue/bert-base
MP038,ko,high,layer_delta,0.07718710465864702,klue/bert-base
MP039,ko,low,layer_delta,0.07744924046776512,klue/bert-base
MP039,ko,high,layer_delta,0.08064938675273549,klue/bert-base
MP040,ko,low,layer_delta,0.07804994691501964,klue/bert-base
MP040,ko,high,layer_delta,0.08654107288880782,klue/bert-base
MP041,ko,low,layer_delta,0.07872109521519054,klue/bert-base
MP041,ko,high,layer_delta,0.07579928636550903,klue/bert-base
MP042,ko,low,layer_delta,0.07855127074501732,klue/bert-base
MP042,ko,high,layer_delta,0.07583924315192482,klue/bert-base
MP043,ko,low,layer_delta,0.07973318750208075,klue/bert-base
MP043,ko,high,layer_delta,0.07687464627352628,klue/bert-base
MP044,ko,low,layer_delta,0.08000075275247748,klue/bert-base
MP044,ko,high,layer_delta,0.07760002396323464,klue/bert-base
MP045,ko,low,layer_delta,0.07839930057525635,klue/bert-base
MP045,ko,high,layer_delta,0.08393339677290483,klue/bert-base
MP046,ko,low,layer_delta,0.08021619645032016,klue/bert-base
MP046,ko,high,layer_delta,0.07640356909145009,klue/bert-base
MP047,ko,low,layer_delta,0.08054897460070523,klue/bert-base
MP047,ko,high,layer_delta,0.08127290552312677,klue/bert-base
MP048,ko,low,layer_delta,0.07815508950840343,klue/bert-base
MP048,ko,high,layer_delta,0.0835400711406361,klue/bert-base
MP049,ko,low,layer_delta,0.07654540647159923,klue/bert-base
MP049,ko,high,layer_delta,0.08083587343042548,klue/bert-base
MP050,ko,low,layer_delta,0.07645136659795587,klue/bert-base
MP050,ko,high,layer_delta,0.08050330660559914,klue/bert-base
MP051,en,low,layer_delta,0.07351039214567705,bert-base-uncased
MP051,en,high,layer_delta,0.07995823838494041,bert-base-uncased
MP052,en,low,layer_delta,0.0640386776490645,bert-base-uncased
MP052,en,high,layer_delta,0.07861583883112128,bert-base-uncased
MP053,en,low,layer_delta,0.07925388487902554,bert-base-uncased
MP053,en,high,layer_delta,0.06981873512268066,bert-base-uncased
MP054,en,low,layer_delta,0.07444582202217796,bert-base-uncased
MP054,en,high,layer_delta,0.08405055783011696,bert-base-uncased
MP055,en,low,layer_delta,0.06821432980624112,bert-base-uncased
MP055,en,high,layer_delta,0.07702691988511519,bert-base-uncased
MP056,en,low,layer_delta,0.07759912447495894,bert-base-uncased
MP056,en,high,layer_delta,0.09300346266139638,bert-base-uncased
MP057,en,low,layer_delta,0.06651360338384454,bert-base-uncased
MP057,en,high,layer_delta,0.08053350448608398,bert-base-uncased
MP058,en,low,layer_delta,0.07253557985479181,bert-base-uncased
MP058,en,high,layer_delta,0.08223734660582109,bert-base-uncased
MP059,en,low,layer_delta,0.07234806364232843,bert-base-uncased
MP059,en,high,layer_delta,0.08131306279789317,bert-base-uncased
MP060,en,low,layer_delta,0.08030903881246393,bert-base-uncased
MP060,en,high,layer_delta,0.08074791864915327,bert-base-uncased
MP061,en,low,layer_delta,0.0703659328547391,bert-base-uncased
MP061,en,high,layer_delta,0.09093980897556651,bert-base-uncased
MP062,en,low,layer_delta,0.07425252415917137,bert-base-uncased
MP062,en,high,layer_delta,0.08690450950102373,bert-base-uncased
MP063,en,low,layer_delta,0.06680539521304044,bert-base-uncased
MP063,en,high,layer_delta,0.07361567562276666,bert-base-uncased
MP064,en,low,layer_delta,0.07090750607577237,bert-base-uncased
MP064,en,high,layer_delta,0.07732567462054166,bert-base-uncased
MP065,en,low,layer_delta,0.07445795969529585,bert-base-uncased
MP065,en,high,layer_delta,0.07646710222417658,bert-base-uncased
MP066,en,low,layer_delta,0.07615924965251576,bert-base-uncased
MP066,en,high,layer_delta,0.09361552650278265,bert-base-uncased
MP067,en,low,layer_delta,0.07690082354979082,bert-base-uncased
MP067,en,high,layer_delta,0.0931221680207686,bert-base-uncased
MP068,en,low,layer_delta,0.0704555944962935,bert-base-uncased
MP068,en,high,layer_delta,0.08258308063853871,bert-base-uncased
MP069,en,low,layer_delta,0.06796785376288673,bert-base-uncased
MP069,en,high,layer_delta,0.08339349248192528,bert-base-uncased
MP070,en,low,layer_delta,0.06837839430028742,bert-base-uncased
MP070,en,high,layer_delta,0.073725088076158,bert-base-uncased
MP071,en,low,layer_delta,0.07248020713979547,bert-base-uncased
MP071,en,high,layer_delta,0.07972909645600752,bert-base-uncased
MP072,en,low,layer_delta,0.07383576306429776,bert-base-uncased
MP072,en,high,layer_delta,0.08259956403212114,bert-base-uncased
MP073,en,low,layer_delta,0.07144797390157526,bert-base-uncased
MP073,en,high,layer_delta,0.08061583475633101,bert-base-uncased
MP074,en,low,layer_delta,0.07456713373010809,bert-base-uncased
MP074,en,high,layer_delta,0.08454316854476929,bert-base-uncased
MP075,en,low,layer_delta,0.07566417889161543,bert-base-uncased
MP075,en,high,layer_delta,0.08518289977853949,bert-base-uncased
MP076,en,low,layer_delta,0.0757231278852983,bert-base-uncased
MP076,en,high,layer_delta,0.07833132418719205,bert-base-uncased
MP077,en,low,layer_delta,0.07773616097190163,bert-base-uncased
MP077,en,high,layer_delta,0.10043883323669434,bert-base-uncased
MP078,en,low,layer_delta,0.0694251385602084,bert-base-uncased
MP078,en,high,layer_delta,0.08885270898992365,bert-base-uncased
MP079,en,low,layer_delta,0.07136594165455211,bert-base-uncased
MP079,en,high,layer_delta,0.08695919405330312,bert-base-uncased
MP080,en,low,layer_delta,0.08285143700512973,bert-base-uncased
MP080,en,high,layer_delta,0.08388998291709206,bert-base-uncased
MP081,en,low,layer_delta,0.06894674626263705,bert-base-uncased
MP081,en,high,layer_delta,0.0830773494460366,bert-base-uncased
MP082,en,low,layer_delta,0.07229256629943848,bert-base-uncased
MP082,en,high,layer_delta,0.08210227164355191,bert-base-uncased
MP083,en,low,layer_delta,0.06354952942241322,bert-base-uncased
MP083,en,high,layer_delta,0.08034732666882602,bert-base-uncased
MP084,en,low,layer_delta,0.06495202671397816,bert-base-uncased
MP084,en,high,layer_delta,0.08742341670123013,bert-base-uncased
MP085,en,low,layer_delta,0.07073192704807628,bert-base-uncased
MP085,en,high,layer_delta,0.07641526785763827,bert-base-uncased
MP086,en,low,layer_delta,0.08093333786184137,bert-base-uncased
MP086,en,high,layer_delta,0.08522705598310991,bert-base-uncased
MP087,en,low,layer_delta,0.07082092761993408,bert-base-uncased
MP087,en,high,layer_delta,0.07751147855411876,bert-base-uncased
MP088,en,low,layer_delta,0.06579468467018822,bert-base-uncased
MP088,en,high,layer_delta,0.08141396262428978,bert-base-uncased
MP089,en,low,layer_delta,0.0670313455841758,bert-base-uncased
MP089,en,high,layer_delta,0.08478378707712347,bert-base-uncased
MP090,en,low,layer_delta,0.06683322516354648,bert-base-uncased
MP090,en,high,layer_delta,0.0808950120752508,bert-base-uncased
MP091,en,low,layer_delta,0.07686237313530662,bert-base-uncased
MP091,en,high,layer_delta,0.07723744890906593,bert-base-uncased
MP092,en,low,layer_delta,0.07079850543629039,bert-base-uncased
MP092,en,high,layer_delta,0.07836241613734853,bert-base-uncased
MP093,en,low,layer_delta,0.07168010148135098,bert-base-uncased
MP093,en,high,layer_delta,0.07683536139401523,bert-base-uncased
MP094,en,low,layer_delta,0.07228435711427168,bert-base-uncased
MP094,en,high,layer_delta,0.08257928761568936,bert-base-uncased
MP095,en,low,layer_delta,0.0720859169960022,bert-base-uncased
MP095,en,high,layer_delta,0.07712961868806319,bert-base-uncased
MP096,en,low,layer_delta,0.07317144762385976,bert-base-uncased
MP096,en,high,layer_delta,0.08358312194997614,bert-base-uncased
MP097,en,low,layer_delta,0.06828949126330289,bert-base-uncased
MP097,en,high,layer_delta,0.09037974205884067,bert-base-uncased
MP098,en,low,layer_delta,0.07470340078527277,bert-base-uncased
MP098,en,high,layer_delta,0.0703559463674372,bert-base-uncased
MP099,en,low,layer_delta,0.07472396980632436,bert-base-uncased
MP099,en,high,layer_delta,0.07803596691651778,bert-base-uncased
MP100,en,low,layer_delta,0.07989811897277832,bert-base-uncased
MP100,en,high,layer_delta,0.07822420380332253,bert-base-uncased
MP001,ko,low,surprisal_mean,3.9564692974090576,Qwen3-0.6B
MP001,ko,low,surprisal_cv,0.8097605621356649,Qwen3-0.6B
MP001,ko,high,surprisal_mean,7.5093560218811035,Qwen3-0.6B
MP001,ko,high,surprisal_cv,0.5526760693393095,Qwen3-0.6B
MP002,ko,low,surprisal_mean,3.4319095611572266,Qwen3-0.6B
MP002,ko,low,surprisal_cv,1.048117218612727,Qwen3-0.6B
MP002,ko,high,surprisal_mean,5.87718391418457,Qwen3-0.6B
MP002,ko,high,surprisal_cv,0.8067618847825617,Qwen3-0.6B
MP003,ko,low,surprisal_mean,4.324504852294922,Qwen3-0.6B
MP003,ko,low,surprisal_cv,0.7880514394162629,Qwen3-0.6B
MP003,ko,high,surprisal_mean,6.554591178894043,Qwen3-0.6B
MP003,ko,high,surprisal_cv,0.6090714624679813,Qwen3-0.6B
MP004,ko,low,surprisal_mean,5.843770503997803,Qwen3-0.6B
MP004,ko,low,surprisal_cv,0.7675830190593534,Qwen3-0.6B
MP004,ko,high,surprisal_mean,5.540773868560791,Qwen3-0.6B
MP004,ko,high,surprisal_cv,0.6964813201375516,Qwen3-0.6B
MP005,ko,low,surprisal_mean,4.682033538818359,Qwen3-0.6B
MP005,ko,low,surprisal_cv,0.8314053052758636,Qwen3-0.6B
MP005,ko,high,surprisal_mean,5.884555339813232,Qwen3-0.6B
MP005,ko,high,surprisal_cv,0.6651111621834462,Qwen3-0.6B
MP006,ko,low,surprisal_mean,4.847400665283203,Qwen3-0.6B
MP006,ko,low,surprisal_cv,0.8521865000358414,Qwen3-0.6B
MP006,ko,high,surprisal_mean,6.830443859100342,Qwen3-0.6B
MP006,ko,high,surprisal_cv,0.5735789754008629,Qwen3-0.6B
MP007,ko,low,surprisal_mean,5.195803642272949,Qwen3-0.6B
MP007,ko,low,surprisal_cv,0.8449730582587105,Qwen3-0.6B
MP007,ko,high,surprisal_mean,6.770970344543457,Qwen3-0.6B
MP007,ko,high,surprisal_cv,0.7206279760119321,Qwen3-0.6B
MP008,ko,low,surprisal_mean,4.306983947753906,Qwen3-0.6B
MP008,ko,low,surprisal_cv,0.908528074592222,Qwen3-0.6B
MP008,ko,high,surprisal_mean,4.6869707107543945,Qwen3-0.6B
MP008,ko,high,surprisal_cv,0.9456477507702316,Qwen3-0.6B
MP009,ko,low,surprisal_mean,3.712285041809082,Qwen3-0.6B
MP009,ko,low,surprisal_cv,1.0624764107963283,Qwen3-0.6B
MP009,ko,high,surprisal_mean,6.376321792602539,Qwen3-0.6B
MP009,ko,high,surprisal_cv,0.7800529088770323,Qwen3-0.6B
MP010,ko,low,surprisal_mean,3.9733469486236572,Qwen3-0.6B
MP010,ko,low,surprisal_cv,1.0197548491699662,Qwen3-0.6B
MP010,ko,high,surprisal_mean,6.757928371429443,Qwen3-0.6B
MP010,ko,high,surprisal_cv,0.7084207939291127,Qwen3-0.6B
MP011,ko,low,surprisal_mean,4.794643402099609,Qwen3-0.6B
MP011,ko,low,surprisal_cv,0.7016674913183292,Qwen3-0.6B
MP011,ko,high,surprisal_mean,5.741300582885742,Qwen3-0.6B
MP011,ko,high,surprisal_cv,0.6948247468459027,Qwen3-0.6B
MP012,ko,low,surprisal_mean,4.971517086029053,Qwen3-0.6B
MP012,ko,low,surprisal_cv,0.7646463014112859,Qwen3-0.6B
MP012,ko,high,surprisal_mean,5.781207084655762,Qwen3-0.6B
MP012,ko,high,surprisal_cv,0.8144389617446928,Qwen3-0.6B
MP013,ko,low,surprisal_mean,4.126443862915039,Qwen3-0.6B
MP013,ko,low,surprisal_cv,0.8633748468176585,Qwen3-0.6B
MP013,ko,high,surprisal_mean,5.71886682510376,Qwen3-0.6B
MP013,ko,high,surprisal_cv,0.7673893473904776,Qwen3-0.6B
MP014,ko,low,surprisal_mean,4.493362903594971,Qwen3-0.6B
MP014,ko,low,surprisal_cv,0.782917967772425,Qwen3-0.6B
MP014,ko,high,surprisal_mean,6.915887832641602,Qwen3-0.6B
MP014,ko,high,surprisal_cv,0.4511537350785071,Qwen3-0.6B
MP015,ko,low,surprisal_mean,4.994660377502441,Qwen3-0.6B
MP015,ko,low,surprisal_cv,0.8372096114799303,Qwen3-0.6B
MP015,ko,high,surprisal_mean,5.844814300537109,Qwen3-0.6B
MP015,ko,high,surprisal_cv,0.718546918427089,Qwen3-0.6B
MP016,ko,low,surprisal_mean,6.169713973999023,Qwen3-0.6B
MP016,ko,low,surprisal_cv,0.7280578260049149,Qwen3-0.6B
MP016,ko,high,surprisal_mean,6.45328950881958,Qwen3-0.6B
MP016,ko,high,surprisal_cv,0.6410195734281018,Qwen3-0.6B
MP017,ko,low,surprisal_mean,5.508307933807373,Qwen3-0.6B
MP017,ko,low,surprisal_cv,0.7629101320414159,Qwen3-0.6B
MP017,ko,high,surprisal_mean,6.5390801429748535,Qwen3-0.6B
MP017,ko,high,surprisal_cv,0.6457650857576142,Qwen3-0.6B
MP018,ko,low,surprisal_mean,5.653419017791748,Qwen3-0.6B
MP018,ko,low,surprisal_cv,0.6931736441249333,Qwen3-0.6B
MP018,ko,high,surprisal_mean,6.0444865226745605,Qwen3-0.6B
MP018,ko,high,surprisal_cv,0.6788610335696831,Qwen3-0.6B
MP019,ko,low,surprisal_mean,3.898772716522217,Qwen3-0.6B
MP019,ko,low,surprisal_cv,0.9623184931775189,Qwen3-0.6B
MP019,ko,high,surprisal_mean,5.506083011627197,Qwen3-0.6B
MP019,ko,high,surprisal_cv,0.7994932562882633,Qwen3-0.6B
MP020,ko,low,surprisal_mean,4.023792743682861,Qwen3-0.6B
MP020,ko,low,surprisal_cv,1.1057325885107738,Qwen3-0.6B
MP020,ko,high,surprisal_mean,5.703413009643555,Qwen3-0.6B
MP020,ko,high,surprisal_cv,0.6086898459713354,Qwen3-0.6B
MP021,ko,low,surprisal_mean,5.636416435241699,Qwen3-0.6B
MP021,ko,low,surprisal_cv,0.6197451315192471,Qwen3-0.6B
MP021,ko,high,surprisal_mean,5.170516014099121,Qwen3-0.6B
MP021,ko,high,surprisal_cv,0.8364802658417935,Qwen3-0.6B
MP022,ko,low,surprisal_mean,4.184937477111816,Qwen3-0.6B
MP022,ko,low,surprisal_cv,0.9214281378776443,Qwen3-0.6B
MP022,ko,high,surprisal_mean,5.8203630447387695,Qwen3-0.6B
MP022,ko,high,surprisal_cv,0.6850895509565913,Qwen3-0.6B
MP023,ko,low,surprisal_mean,5.068272113800049,Qwen3-0.6B
MP023,ko,low,surprisal_cv,0.9535438943708797,Qwen3-0.6B
MP023,ko,high,surprisal_mean,4.997647762298584,Qwen3-0.6B
MP023,ko,high,surprisal_cv,0.8348119840631587,Qwen3-0.6B
MP024,ko,low,surprisal_mean,4.717126369476318,Qwen3-0.6B
MP024,ko,low,surprisal_cv,0.9443115194884254,Qwen3-0.6B
MP024,ko,high,surprisal_mean,7.93449068069458,Qwen3-0.6B
MP024,ko,high,surprisal_cv,0.49552128856149974,Qwen3-0.6B
MP025,ko,low,surprisal_mean,5.073574542999268,Qwen3-0.6B
MP025,ko,low,surprisal_cv,0.782462536017483,Qwen3-0.6B
MP025,ko,high,surprisal_mean,7.678843975067139,Qwen3-0.6B
MP025,ko,high,surprisal_cv,0.614053363199903,Qwen3-0.6B
MP026,ko,low,surprisal_mean,4.285337924957275,Qwen3-0.6B
MP026,ko,low,surprisal_cv,0.8583575375777512,Qwen3-0.6B
MP026,ko,high,surprisal_mean,7.145108222961426,Qwen3-0.6B
MP026,ko,high,surprisal_cv,0.6582329267318173,Qwen3-0.6B
MP027,ko,low,surprisal_mean,4.8031840324401855,Qwen3-0.6B
MP027,ko,low,surprisal_cv,0.7301066587850633,Qwen3-0.6B
MP027,ko,high,surprisal_mean,6.015924453735352,Qwen3-0.6B
MP027,ko,high,surprisal_cv,0.5801634271954277,Qwen3-0.6B
MP028,ko,low,surprisal_mean,4.770569801330566,Qwen3-0.6B
MP028,ko,low,surprisal_cv,1.0316892890741276,Qwen3-0.6B
MP028,ko,high,surprisal_mean,6.9228129386901855,Qwen3-0.6B
MP028,ko,high,surprisal_cv,0.6029016278513099,Qwen3-0.6B
MP029,ko,low,surprisal_mean,4.584278106689453,Qwen3-0.6B
MP029,ko,low,surprisal_cv,0.8262926436178206,Qwen3-0.6B
MP029,ko,high,surprisal_mean,10.421587944030762,Qwen3-0.6B
MP029,ko,high,surprisal_cv,0.6899140600199588,Qwen3-0.6B
MP030,ko,low,surprisal_mean,4.8611273765563965,Qwen3-0.6B
MP030,ko,low,surprisal_cv,0.6653869912349821,Qwen3-0.6B
MP030,ko,high,surprisal_mean,5.086456775665283,Qwen3-0.6B
MP030,ko,high,surprisal_cv,1.0987017691693453,Qwen3-0.6B
MP031,ko,low,surprisal_mean,4.319476127624512,Qwen3-0.6B
MP031,ko,low,surprisal_cv,0.7994605769274779,Qwen3-0.6B
MP031,ko,high,surprisal_mean,5.098299980163574,Qwen3-0.6B
MP031,ko,high,surprisal_cv,0.608283925626325,Qwen3-0.6B
MP032,ko,low,surprisal_mean,4.753697872161865,Qwen3-0.6B
MP032,ko,low,surprisal_cv,0.7923665980705292,Qwen3-0.6B
MP032,ko,high,surprisal_mean,5.532670021057129,Qwen3-0.6B
MP032,ko,high,surprisal_cv,0.6958562754329183,Qwen3-0.6B
MP033,ko,low,surprisal_mean,4.3874406814575195,Qwen3-0.6B
MP033,ko,low,surprisal_cv,0.9523957361787969,Qwen3-0.6B
MP033,ko,high,surprisal_mean,5.669566631317139,Qwen3-0.6B
MP033,ko,high,surprisal_cv,0.7620938118894038,Qwen3-0.6B
MP034,ko,low,surprisal_mean,4.575087547302246,Qwen3-0.6B
MP034,ko,low,surprisal_cv,0.9391476733089745,Qwen3-0.6B
MP034,ko,high,surprisal_mean,6.833826065063477,Qwen3-0.6B
MP034,ko,high,surprisal_cv,0.5962997630333007,Qwen3-0.6B
MP035,ko,low,surprisal_mean,5.976290225982666,Qwen3-0.6B
MP035,ko,low,surprisal_cv,0.664984345648523,Qwen3-0.6B
MP035,ko,high,surprisal_mean,6.709978103637695,Qwen3-0.6B
MP035,ko,high,surprisal_cv,0.7474944992514062,Qwen3-0.6B
MP036,ko,low,surprisal_mean,3.2635161876678467,Qwen3-0.6B
MP036,ko,low,surprisal_cv,0.764599291690325,Qwen3-0.6B
MP036,ko,high,surprisal_mean,4.966376304626465,Qwen3-0.6B
MP036,ko,high,surprisal_cv,0.7434150364196349,Qwen3-0.6B
MP037,ko,low,surprisal_mean,5.440457344055176,Qwen3-0.6B
MP037,ko,low,surprisal_cv,0.7342936544620708,Qwen3-0.6B
MP037,ko,high,surprisal_mean,5.1906890869140625,Qwen3-0.6B
MP037,ko,high,surprisal_cv,0.877614170490206,Qwen3-0.6B
MP038,ko,low,surprisal_mean,5.296202659606934,Qwen3-0.6B
MP038,ko,low,surprisal_cv,0.8670566553617102,Qwen3-0.6B
MP038,ko,high,surprisal_mean,6.305971145629883,Qwen3-0.6B
MP038,ko,high,surprisal_cv,0.7324417852695195,Qwen3-0.6B
MP039,ko,low,surprisal_mean,5.422715663909912,Qwen3-0.6B
MP039,ko,low,surprisal_cv,0.6696189372715723,Qwen3-0.6B
MP039,ko,high,surprisal_mean,6.047792911529541,Qwen3-0.6B
MP039,ko,high,surprisal_cv,0.5652843004855918,Qwen3-0.6B
MP040,ko,low,surprisal_mean,4.658079147338867,Qwen3-0.6B
MP040,ko,low,surprisal_cv,1.0113132739045343,Qwen3-0.6B
MP040,ko,high,surprisal_mean,6.012531280517578,Qwen3-0.6B
MP040,ko,high,surprisal_cv,0.7779130481704126,Qwen3-0.6B
MP041,ko,low,surprisal_mean,5.828944206237793,Qwen3-0.6B
MP041,ko,low,surprisal_cv,0.6695436951084867,Qwen3-0.6B
MP041,ko,high,surprisal_mean,6.4509501457214355,Qwen3-0.6B
MP041,ko,high,surprisal_cv,0.7908852204259026,Qwen3-0.6B
MP042,ko,low,surprisal_mean,5.059719085693359,Qwen3-0.6B
MP042,ko,low,surprisal_cv,0.7607048802230575,Qwen3-0.6B
MP042,ko,high,surprisal_mean,4.826172351837158,Qwen3-0.6B
MP042,ko,high,surprisal_cv,0.7314156968140394,Qwen3-0.6B
MP043,ko,low,surprisal_mean,5.413266181945801,Qwen3-0.6B
MP043,ko,low,surprisal_cv,0.8278590617453528,Qwen3-0.6B
MP043,ko,high,surprisal_mean,5.864929676055908,Qwen3-0.6B
MP043,ko,high,surprisal_cv,0.6092955569075301,Qwen3-0.6B
MP044,ko,low,surprisal_mean,4.676188945770264,Qwen3-0.6B
MP044,ko,low,surprisal_cv,0.7537444107421926,Qwen3-0.6B
MP044,ko,high,surprisal_mean,5.630960464477539,Qwen3-0.6B
MP044,ko,high,surprisal_cv,0.6272155162297114,Qwen3-0.6B
MP045,ko,low,surprisal_mean,4.862956523895264,Qwen3-0.6B
MP045,ko,low,surprisal_cv,0.8572248713761392,Qwen3-0.6B
MP045,ko,high,surprisal_mean,6.224448204040527,Qwen3-0.6B
MP045,ko,high,surprisal_cv,0.754266058746788,Qwen3-0.6B
MP046,ko,low,surprisal_mean,5.516602039337158,Qwen3-0.6B
MP046,ko,low,surprisal_cv,0.6782213430643252,Qwen3-0.6B
MP046,ko,high,surprisal_mean,5.93140983581543,Qwen3-0.6B
MP046,ko,high,surprisal_cv,0.7546526784943844,Qwen3-0.6B
MP047,ko,low,surprisal_mean,5.101810932159424,Qwen3-0.6B
MP047,ko,low,surprisal_cv,0.850789112695569,Qwen3-0.6B
MP047,ko,high,surprisal_mean,5.767029762268066,Qwen3-0.6B
MP047,ko,high,surprisal_cv,0.7238320927379523,Qwen3-0.6B
MP048,ko,low,surprisal_mean,4.106198787689209,Qwen3-0.6B
MP048,ko,low,surprisal_cv,0.9400790657004868,Qwen3-0.6B
MP048,ko,high,surprisal_mean,6.448835849761963,Qwen3-0.6B
MP048,ko,high,surprisal_cv,0.6267024948303441,Qwen3-0.6B
MP049,ko,low,surprisal_mean,4.975161552429199,Qwen3-0.6B
MP049,ko,low,surprisal_cv,0.806372732038596,Qwen3-0.6B
MP049,ko,high,surprisal_mean,6.7195868492126465,Qwen3-0.6B
MP049,ko,high,surprisal_cv,0.6320558577224039,Qwen3-0.6B
MP050,ko,low,surprisal_mean,4.332808971405029,Qwen3-0.6B
MP050,ko,low,surprisal_cv,0.8088661486748556,Qwen3-0.6B
MP050,ko,high,surprisal_mean,4.910363674163818,Qwen3-0.6B
MP050,ko,high,surprisal_cv,0.8258233142002008,Qwen3-0.6B
MP051,en,low,surprisal_mean,7.2130842208862305,Qwen3-0.6B
MP051,en,low,surprisal_cv,0.816702973839411,Qwen3-0.6B
MP051,en,high,surprisal_mean,10.249886512756348,Qwen3-0.6B
MP051,en,high,surprisal_cv,0.6802870073104992,Qwen3-0.6B
MP052,en,low,surprisal_mean,6.95611572265625,Qwen3-0.6B
MP052,en,low,surprisal_cv,0.86943543733429,Qwen3-0.6B
MP052,en,high,surprisal_mean,12.281123161315918,Qwen3-0.6B
MP052,en,high,surprisal_cv,0.5172831445152622,Qwen3-0.6B
MP053,en,low,surprisal_mean,6.573667049407959,Qwen3-0.6B
MP053,en,low,surprisal_cv,0.9044092538537281,Qwen3-0.6B
MP053,en,high,surprisal_mean,10.242466926574707,Qwen3-0.6B
MP053,en,high,surprisal_cv,0.6889026581250504,Qwen3-0.6B
MP054,en,low,surprisal_mean,8.56004524230957,Qwen3-0.6B
MP054,en,low,surprisal_cv,0.6803120651938133,Qwen3-0.6B
MP054,en,high,surprisal_mean,12.599739074707031,Qwen3-0.6B
MP054,en,high,surprisal_cv,0.5136423282892053,Qwen3-0.6B
MP055,en,low,surprisal_mean,7.316218376159668,Qwen3-0.6B
MP055,en,low,surprisal_cv,0.7712348803807982,Qwen3-0.6B
MP055,en,high,surprisal_mean,9.648755073547363,Qwen3-0.6B
MP055,en,high,surprisal_cv,0.5932835066077372,Qwen3-0.6B
MP056,en,low,surprisal_mean,5.143075466156006,Qwen3-0.6B
MP056,en,low,surprisal_cv,1.0805917123282014,Qwen3-0.6B
MP056,en,high,surprisal_mean,9.786660194396973,Qwen3-0.6B
MP056,en,high,surprisal_cv,0.6011149123121079,Qwen3-0.6B
MP057,en,low,surprisal_mean,7.393306732177734,Qwen3-0.6B
MP057,en,low,surprisal_cv,0.8286729954206355,Qwen3-0.6B
MP057,en,high,surprisal_mean,10.062738418579102,Qwen3-0.6B
MP057,en,high,surprisal_cv,0.6645589653906255,Qwen3-0.6B
MP058,en,low,surprisal_mean,6.951453685760498,Qwen3-0.6B
MP058,en,low,surprisal_cv,0.8195956911723545,Qwen3-0.6B
MP058,en,high,surprisal_mean,9.273130416870117,Qwen3-0.6B
MP058,en,high,surprisal_cv,0.8451102167018674,Qwen3-0.6B
MP059,en,low,surprisal_mean,6.959310054779053,Qwen3-0.6B
MP059,en,low,surprisal_cv,1.0723684443043728,Qwen3-0.6B
MP059,en,high,surprisal_mean,15.233550071716309,Qwen3-0.6B
MP059,en,high,surprisal_cv,0.5082069494743063,Qwen3-0.6B
MP060,en,low,surprisal_mean,7.858241081237793,Qwen3-0.6B
MP060,en,low,surprisal_cv,0.8562594262888643,Qwen3-0.6B
MP060,en,high,surprisal_mean,9.559135437011719,Qwen3-0.6B
MP060,en,high,surprisal_cv,0.6441249439561769,Qwen3-0.6B
MP061,en,low,surprisal_mean,6.78092098236084,Qwen3-0.6B
MP061,en,low,surprisal_cv,0.9078337066382433,Qwen3-0.6B
MP061,en,high,surprisal_mean,11.979516983032227,Qwen3-0.6B
MP061,en,high,surprisal_cv,0.33646974513195377,Qwen3-0.6B
MP062,en,low,surprisal_mean,7.154364109039307,Qwen3-0.6B
MP062,en,low,surprisal_cv,0.8012636663443004,Qwen3-0.6B
MP062,en,high,surprisal_mean,11.576292991638184,Qwen3-0.6B
MP062,en,high,surprisal_cv,0.6149765499391079,Qwen3-0.6B
MP063,en,low,surprisal_mean,9.631694793701172,Qwen3-0.6B
MP063,en,low,surprisal_cv,0.5780126244993445,Qwen3-0.6B
MP063,en,high,surprisal_mean,12.77016544342041,Qwen3-0.6B
MP063,en,high,surprisal_cv,0.46894575658011795,Qwen3-0.6B
MP064,en,low,surprisal_mean,7.768059253692627,Qwen3-0.6B
MP064,en,low,surprisal_cv,0.7169063685060902,Qwen3-0.6B
MP064,en,high,surprisal_mean,14.339825630187988,Qwen3-0.6B
MP064,en,high,surprisal_cv,0.4278384306768296,Qwen3-0.6B
MP065,en,low,surprisal_mean,8.204849243164062,Qwen3-0.6B
MP065,en,low,surprisal_cv,0.7311869310781203,Qwen3-0.6B
MP065,en,high,surprisal_mean,9.69054126739502,Qwen3-0.6B
MP065,en,high,surprisal_cv,0.6146154573366072,Qwen3-0.6B
MP066,en,low,surprisal_mean,6.921785831451416,Qwen3-0.6B
MP066,en,low,surprisal_cv,0.9346733533676223,Qwen3-0.6B
MP066,en,high,surprisal_mean,7.7870192527771,Qwen3-0.6B
MP066,en,high,surprisal_cv,0.8280896367524929,Qwen3-0.6B
MP067,en,low,surprisal_mean,6.822005748748779,Qwen3-0.6B
MP067,en,low,surprisal_cv,0.7464498472050504,Qwen3-0.6B
MP067,en,high,surprisal_mean,9.593942642211914,Qwen3-0.6B
MP067,en,high,surprisal_cv,0.8018769018770926,Qwen3-0.6B
MP068,en,low,surprisal_mean,6.069061756134033,Qwen3-0.6B
MP068,en,low,surprisal_cv,0.8615661283229393,Qwen3-0.6B
MP068,en,high,surprisal_mean,11.063753128051758,Qwen3-0.6B
MP068,en,high,surprisal_cv,0.6089929937865185,Qwen3-0.6B
MP069,en,low,surprisal_mean,7.150700092315674,Qwen3-0.6B
MP069,en,low,surprisal_cv,0.8198357495367496,Qwen3-0.6B
MP069,en,high,surprisal_mean,9.033980369567871,Qwen3-0.6B
MP069,en,high,surprisal_cv,0.5828318186187068,Qwen3-0.6B
MP070,en,low,surprisal_mean,8.786393165588379,Qwen3-0.6B
MP070,en,low,surprisal_cv,0.6881483962831421,Qwen3-0.6B
MP070,en,high,surprisal_mean,13.434897422790527,Qwen3-0.6B
MP070,en,high,surprisal_cv,0.5574269645045853,Qwen3-0.6B
MP071,en,low,surprisal_mean,8.228373527526855,Qwen3-0.6B
MP071,en,low,surprisal_cv,0.7879245360915398,Qwen3-0.6B
MP071,en,high,surprisal_mean,9.829607009887695,Qwen3-0.6B
MP071,en,high,surprisal_cv,0.6465896284227668,Qwen3-0.6B
MP072,en,low,surprisal_mean,5.259011268615723,Qwen3-0.6B
MP072,en,low,surprisal_cv,1.1532084730322794,Qwen3-0.6B
MP072,en,high,surprisal_mean,12.02769947052002,Qwen3-0.6B
MP072,en,high,surprisal_cv,0.49120877868908863,Qwen3-0.6B
MP073,en,low,surprisal_mean,8.666059494018555,Qwen3-0.6B
MP073,en,low,surprisal_cv,0.711615311654156,Qwen3-0.6B
MP073,en,high,surprisal_mean,11.113409996032715,Qwen3-0.6B
MP073,en,high,surprisal_cv,0.7765014145711041,Qwen3-0.6B
MP074,en,low,surprisal_mean,11.560396194458008,Qwen3-0.6B
MP074,en,low,surprisal_cv,0.5771541447812869,Qwen3-0.6B
MP074,en,high,surprisal_mean,11.023080825805664,Qwen3-0.6B
MP074,en,high,surprisal_cv,0.6253845852686877,Qwen3-0.6B
MP075,en,low,surprisal_mean,6.584190845489502,Qwen3-0.6B
MP075,en,low,surprisal_cv,0.9868677305029757,Qwen3-0.6B
MP075,en,high,surprisal_mean,14.346511840820312,Qwen3-0.6B
MP075,en,high,surprisal_cv,0.5275264750160658,Qwen3-0.6B
MP076,en,low,surprisal_mean,8.088872909545898,Qwen3-0.6B
MP076,en,low,surprisal_cv,0.8972069943887018,Qwen3-0.6B
MP076,en,high,surprisal_mean,9.556150436401367,Qwen3-0.6B
MP076,en,high,surprisal_cv,0.5335502247331999,Qwen3-0.6B
MP077,en,low,surprisal_mean,7.294966697692871,Qwen3-0.6B
MP077,en,low,surprisal_cv,0.7846252999476434,Qwen3-0.6B
MP077,en,high,surprisal_mean,9.726835250854492,Qwen3-0.6B
MP077,en,high,surprisal_cv,0.7289252243095931,Qwen3-0.6B
MP078,en,low,surprisal_mean,7.525767803192139,Qwen3-0.6B
MP078,en,low,surprisal_cv,0.797555344265321,Qwen3-0.6B
MP078,en,high,surprisal_mean,10.891268730163574,Qwen3-0.6B
MP078,en,high,surprisal_cv,0.5541625656462768,Qwen3-0.6B
MP079,en,low,surprisal_mean,9.083581924438477,Qwen3-0.6B
MP079,en,low,surprisal_cv,0.7196390246345746,Qwen3-0.6B
MP079,en,high,surprisal_mean,16.70941925048828,Qwen3-0.6B
MP079,en,high,surprisal_cv,0.39003493251279414,Qwen3-0.6B
MP080,en,low,surprisal_mean,7.696881294250488,Qwen3-0.6B
MP080,en,low,surprisal_cv,0.8119041988568082,Qwen3-0.6B
MP080,en,high,surprisal_mean,10.536890983581543,Qwen3-0.6B
MP080,en,high,surprisal_cv,0.7293722683946217,Qwen3-0.6B
MP081,en,low,surprisal_mean,7.709732532501221,Qwen3-0.6B
MP081,en,low,surprisal_cv,0.9744909233936969,Qwen3-0.6B
MP081,en,high,surprisal_mean,12.17493724822998,Qwen3-0.6B
MP081,en,high,surprisal_cv,0.4638901790101553,Qwen3-0.6B
MP082,en,low,surprisal_mean,8.204909324645996,Qwen3-0.6B
MP082,en,low,surprisal_cv,0.767436130365622,Qwen3-0.6B
MP082,en,high,surprisal_mean,14.923163414001465,Qwen3-0.6B
MP082,en,high,surprisal_cv,0.41936379861790324,Qwen3-0.6B
MP083,en,low,surprisal_mean,7.749354362487793,Qwen3-0.6B
MP083,en,low,surprisal_cv,0.723068053890421,Qwen3-0.6B
MP083,en,high,surprisal_mean,16.828432083129883,Qwen3-0.6B
MP083,en,high,surprisal_cv,0.4246822628695341,Qwen3-0.6B
MP084,en,low,surprisal_mean,10.32051944732666,Qwen3-0.6B
MP084,en,low,surprisal_cv,0.539444599009237,Qwen3-0.6B
MP084,en,high,surprisal_mean,11.459197998046875,Qwen3-0.6B
MP084,en,high,surprisal_cv,0.6357576327026323,Qwen3-0.6B
MP085,en,low,surprisal_mean,7.817656517028809,Qwen3-0.6B
MP085,en,low,surprisal_cv,0.7320134272123225,Qwen3-0.6B
MP085,en,high,surprisal_mean,10.995224952697754,Qwen3-0.6B
MP085,en,high,surprisal_cv,0.5769694831286397,Qwen3-0.6B
MP086,en,low,surprisal_mean,5.760957717895508,Qwen3-0.6B
MP086,en,low,surprisal_cv,1.231044733313815,Qwen3-0.6B
MP086,en,high,surprisal_mean,13.112733840942383,Qwen3-0.6B
MP086,en,high,surprisal_cv,0.5712576373684665,Qwen3-0.6B
MP087,en,low,surprisal_mean,7.867788314819336,Qwen3-0.6B
MP087,en,low,surprisal_cv,0.8336900202665034,Qwen3-0.6B
MP087,en,high,surprisal_mean,9.86343002319336,Qwen3-0.6B
MP087,en,high,surprisal_cv,0.6417443611879715,Qwen3-0.6B
MP088,en,low,surprisal_mean,10.049296379089355,Qwen3-0.6B
MP088,en,low,surprisal_cv,0.5827138834514914,Qwen3-0.6B
MP088,en,high,surprisal_mean,12.314964294433594,Qwen3-0.6B
MP088,en,high,surprisal_cv,0.5284551216880143,Qwen3-0.6B
MP089,en,low,surprisal_mean,7.44342041015625,Qwen3-0.6B
MP089,en,low,surprisal_cv,0.7334692325512976,Qwen3-0.6B
MP089,en,high,surprisal_mean,9.586197853088379,Qwen3-0.6B
MP089,en,high,surprisal_cv,0.6814740294111055,Qwen3-0.6B
MP090,en,low,surprisal_mean,7.447933197021484,Qwen3-0.6B
MP090,en,low,surprisal_cv,0.8747925651184517,Qwen3-0.6B
MP090,en,high,surprisal_mean,11.558356285095215,Qwen3-0.6B
MP090,en,high,surprisal_cv,0.39234893402959725,Qwen3-0.6B
MP091,en,low,surprisal_mean,10.30799674987793,Qwen3-0.6B
MP091,en,low,surprisal_cv,0.7044347898255339,Qwen3-0.6B
MP091,en,high,surprisal_mean,14.204599380493164,Qwen3-0.6B
MP091,en,high,surprisal_cv,0.4774348448514255,Qwen3-0.6B
MP092,en,low,surprisal_mean,8.789493560791016,Qwen3-0.6B
MP092,en,low,surprisal_cv,0.7231914181744545,Qwen3-0.6B
MP092,en,high,surprisal_mean,12.29240608215332,Qwen3-0.6B
MP092,en,high,surprisal_cv,0.5766442691942685,Qwen3-0.6B
MP093,en,low,surprisal_mean,7.57478141784668,Qwen3-0.6B
MP093,en,low,surprisal_cv,0.8642101058575171,Qwen3-0.6B
MP093,en,high,surprisal_mean,8.829848289489746,Qwen3-0.6B
MP093,en,high,surprisal_cv,0.6573831043708993,Qwen3-0.6B
MP094,en,low,surprisal_mean,6.990200042724609,Qwen3-0.6B
MP094,en,low,surprisal_cv,0.8291945177036268,Qwen3-0.6B
MP094,en,high,surprisal_mean,8.602540969848633,Qwen3-0.6B
MP094,en,high,surprisal_cv,0.6449449452605479,Qwen3-0.6B
MP095,en,low,surprisal_mean,6.121775150299072,Qwen3-0.6B
MP095,en,low,surprisal_cv,0.9419842638149136,Qwen3-0.6B
MP095,en,high,surprisal_mean,11.800695419311523,Qwen3-0.6B
MP095,en,high,surprisal_cv,0.6066094943221123,Qwen3-0.6B
MP096,en,low,surprisal_mean,6.861560344696045,Qwen3-0.6B
MP096,en,low,surprisal_cv,0.8443614828412376,Qwen3-0.6B
MP096,en,high,surprisal_mean,9.994301795959473,Qwen3-0.6B
MP096,en,high,surprisal_cv,0.615913255237744,Qwen3-0.6B
MP097,en,low,surprisal_mean,7.461256980895996,Qwen3-0.6B
MP097,en,low,surprisal_cv,0.7904766215594105,Qwen3-0.6B
MP097,en,high,surprisal_mean,8.380138397216797,Qwen3-0.6B
MP097,en,high,surprisal_cv,0.6379000521793639,Qwen3-0.6B
MP098,en,low,surprisal_mean,9.571671485900879,Qwen3-0.6B
MP098,en,low,surprisal_cv,0.7450085055671621,Qwen3-0.6B
MP098,en,high,surprisal_mean,14.650708198547363,Qwen3-0.6B
MP098,en,high,surprisal_cv,0.3438461782971345,Qwen3-0.6B
MP099,en,low,surprisal_mean,10.528626441955566,Qwen3-0.6B
MP099,en,low,surprisal_cv,0.5866572337978493,Qwen3-0.6B
MP099,en,high,surprisal_mean,16.01528549194336,Qwen3-0.6B
MP099,en,high,surprisal_cv,0.443770512436235,Qwen3-0.6B
MP100,en,low,surprisal_mean,9.824540138244629,Qwen3-0.6B
MP100,en,low,surprisal_cv,0.7255663748489105,Qwen3-0.6B
MP100,en,high,surprisal_mean,13.807964324951172,Qwen3-0.6B
MP100,en,high,surprisal_cv,0.47027208900445755,Qwen3-0.6B
MP001,ko,low,convergence_area,6.257411479949951,klue/bert-base
MP001,ko,high,convergence_area,6.1316752433776855,klue/bert-base
MP002,ko,low,convergence_area,6.262015342712402,klue/bert-base
MP002,ko,high,convergence_area,6.265747547149658,klue/bert-base
MP003,ko,low,convergence_area,5.735443115234375,klue/bert-base
MP003,ko,high,convergence_area,6.265747547149658,klue/bert-base
MP004,ko,low,convergence_area,6.024565696716309,klue/bert-base
MP004,ko,high,convergence_area,6.10957145690918,klue/bert-base
MP005,ko,low,convergence_area,6.262015342712402,klue/bert-base
MP005,ko,high,convergence_area,6.10957145690918,klue/bert-base
MP006,ko,low,convergence_area,6.1160993576049805,klue/bert-base
MP006,ko,high,convergence_area,6.10957145690918,klue/bert-base
MP007,ko,low,convergence_area,6.21853494644165,klue/bert-base
MP007,ko,high,convergence_area,6.10957145690918,klue/bert-base
MP008,ko,low,convergence_area,6.098080635070801,klue/bert-base
MP008,ko,high,convergence_area,6.10957145690918,klue/bert-base
MP009,ko,low,convergence_area,6.034418106079102,klue/bert-base
MP009,ko,high,convergence_area,6.265747547149658,klue/bert-base
MP010,ko,low,convergence_area,6.1160993576049805,klue/bert-base
MP010,ko,high,convergence_area,6.10957145690918,klue/bert-base
MP011,ko,low,convergence_area,6.262015342712402,klue/bert-base
MP011,ko,high,convergence_area,6.024565696716309,klue/bert-base
MP012,ko,low,convergence_area,6.1160993576049805,klue/bert-base
MP012,ko,high,convergence_area,6.265747547149658,klue/bert-base
MP013,ko,low,convergence_area,6.034418106079102,klue/bert-base
MP013,ko,high,convergence_area,6.1316752433776855,klue/bert-base
MP014,ko,low,convergence_area,6.084455490112305,klue/bert-base
MP014,ko,high,convergence_area,6.024565696716309,klue/bert-base
MP015,ko,low,convergence_area,6.1160993576049805,klue/bert-base
MP015,ko,high,convergence_area,6.024565696716309,klue/bert-base
MP016,ko,low,convergence_area,5.723519802093506,klue/bert-base
MP016,ko,high,convergence_area,6.265747547149658,klue/bert-base
MP017,ko,low,convergence_area,7.000707149505615,klue/bert-base
MP017,ko,high,convergence_area,6.265747547149658,klue/bert-base
MP018,ko,low,convergence_area,6.034418106079102,klue/bert-base
MP018,ko,high,convergence_area,6.10957145690918,klue/bert-base
MP019,ko,low,convergence_area,6.140799045562744,klue/bert-base
MP019,ko,high,convergence_area,6.265747547149658,klue/bert-base
MP020,ko,low,convergence_area,6.024565696716309,klue/bert-base
MP020,ko,high,convergence_area,6.10957145690918,klue/bert-base
MP021,ko,low,convergence_area,6.175731658935547,klue/bert-base
MP021,ko,high,convergence_area,6.1316752433776855,klue/bert-base
MP022,ko,low,convergence_area,6.257411479949951,klue/bert-base
MP022,ko,high,convergence_area,6.10957145690918,klue/bert-base
MP023,ko,low,convergence_area,6.257411479949951,klue/bert-base
MP023,ko,high,convergence_area,6.265747547149658,klue/bert-base
MP024,ko,low,convergence_area,5.735443115234375,klue/bert-base
MP024,ko,high,convergence_area,7.000707149505615,klue/bert-base
MP025,ko,low,convergence_area,6.21853494644165,klue/bert-base
MP025,ko,high,convergence_area,6.265747547149658,klue/bert-base
MP026,ko,low,convergence_area,6.084455490112305,klue/bert-base
MP026,ko,high,convergence_area,6.343716621398926,klue/bert-base
MP027,ko,low,convergence_area,6.1160993576049805,klue/bert-base
MP027,ko,high,convergence_area,6.024565696716309,klue/bert-base
MP028,ko,low,convergence_area,6.262015342712402,klue/bert-base
MP028,ko,high,convergence_area,7.000707149505615,klue/bert-base
MP029,ko,low,convergence_area,6.21853494644165,klue/bert-base
MP029,ko,high,convergence_area,6.024565696716309,klue/bert-base
MP030,ko,low,convergence_area,6.034418106079102,klue/bert-base
MP030,ko,high,convergence_area,6.041922569274902,klue/bert-base
MP031,ko,low,convergence_area,6.262015342712402,klue/bert-base
MP031,ko,high,convergence_area,6.1316752433776855,klue/bert-base
MP032,ko,low,convergence_area,6.1160993576049805,klue/bert-base
MP032,ko,high,convergence_area,6.108292102813721,klue/bert-base
MP033,ko,low,convergence_area,6.140799045562744,klue/bert-base
MP033,ko,high,convergence_area,6.1316752433776855,klue/bert-base
MP034,ko,low,convergence_area,5.735443115234375,klue/bert-base
MP034,ko,high,convergence_area,6.1316752433776855,klue/bert-base
MP035,ko,low,convergence_area,6.257411479949951,klue/bert-base
MP035,ko,high,convergence_area,6.10957145690918,klue/bert-base
MP036,ko,low,convergence_area,5.735443115234375,klue/bert-base
MP036,ko,high,convergence_area,6.265747547149658,klue/bert-base
MP037,ko,low,convergence_area,6.21853494644165,klue/bert-base
MP037,ko,high,convergence_area,6.10957145690918,klue/bert-base
MP038,ko,low,convergence_area,6.1160993576049805,klue/bert-base
MP038,ko,high,convergence_area,6.10957145690918,klue/bert-base
MP039,ko,low,convergence_area,6.034418106079102,klue/bert-base
MP039,ko,high,convergence_area,6.1316752433776855,klue/bert-base
MP040,ko,low,convergence_area,6.21853494644165,klue/bert-base
MP040,ko,high,convergence_area,6.1316752433776855,klue/bert-base
MP041,ko,low,convergence_area,6.257411479949951,klue/bert-base
MP041,ko,high,convergence_area,6.265747547149658,klue/bert-base
MP042,ko,low,convergence_area,6.034418106079102,klue/bert-base
MP042,ko,high,convergence_area,6.1316752433776855,klue/bert-base
MP043,ko,low,convergence_area,6.140799045562744,klue/bert-base
MP043,ko,high,convergence_area,7.000707149505615,klue/bert-base
MP044,ko,low,convergence_area,6.1160993576049805,klue/bert-base
MP044,ko,high,convergence_area,7.000707149505615,klue/bert-base
MP045,ko,low,convergence_area,6.262015342712402,klue/bert-base
MP045,ko,high,convergence_area,6.1316752433776855,klue/bert-base
MP046,ko,low,convergence_area,6.21853494644165,klue/bert-base
MP046,ko,high,convergence_area,6.10957145690918,klue/bert-base
MP047,ko,low,convergence_area,6.21853494644165,klue/bert-base
MP047,ko,high,convergence_area,6.024565696716309,klue/bert-base
MP048,ko,low,convergence_area,5.735443115234375,klue/bert-base
MP048,ko,high,convergence_area,6.265747547149658,klue/bert-base
MP049,ko,low,convergence_area,6.257411479949951,klue/bert-base
MP049,ko,high,convergence_area,6.041922569274902,klue/bert-base
MP050,ko,low,convergence_area,6.034418106079102,klue/bert-base
MP050,ko,high,convergence_area,6.10957145690918,klue/bert-base
MP051,en,low,convergence_area,5.236469745635986,bert-base-uncased
MP051,en,high,convergence_area,5.664036750793457,bert-base-uncased
MP052,en,low,convergence_area,5.205134868621826,bert-base-uncased
MP052,en,high,convergence_area,4.840129852294922,bert-base-uncased
MP053,en,low,convergence_area,5.205134868621826,bert-base-uncased
MP053,en,high,convergence_area,4.840129852294922,bert-base-uncased
MP054,en,low,convergence_area,5.267796993255615,bert-base-uncased
MP054,en,high,convergence_area,3.6168994903564453,bert-base-uncased
MP055,en,low,convergence_area,5.236469745635986,bert-base-uncased
MP055,en,high,convergence_area,3.6282451152801514,bert-base-uncased
MP056,en,low,convergence_area,5.001912593841553,bert-base-uncased
MP056,en,high,convergence_area,4.904469013214111,bert-base-uncased
MP057,en,low,convergence_area,4.899606227874756,bert-base-uncased
MP057,en,high,convergence_area,4.904469013214111,bert-base-uncased
MP058,en,low,convergence_area,5.1227946281433105,bert-base-uncased
MP058,en,high,convergence_area,4.840129852294922,bert-base-uncased
MP059,en,low,convergence_area,5.205134868621826,bert-base-uncased
MP059,en,high,convergence_area,3.6282451152801514,bert-base-uncased
MP060,en,low,convergence_area,4.899606227874756,bert-base-uncased
MP060,en,high,convergence_area,4.840129852294922,bert-base-uncased
MP061,en,low,convergence_area,5.1227946281433105,bert-base-uncased
MP061,en,high,convergence_area,4.904469013214111,bert-base-uncased
MP062,en,low,convergence_area,5.205134868621826,bert-base-uncased
MP062,en,high,convergence_area,3.6168994903564453,bert-base-uncased
MP063,en,low,convergence_area,5.267796993255615,bert-base-uncased
MP063,en,high,convergence_area,3.6168994903564453,bert-base-uncased
MP064,en,low,convergence_area,5.205134868621826,bert-base-uncased
MP064,en,high,convergence_area,4.904469013214111,bert-base-uncased
MP065,en,low,convergence_area,5.267796993255615,bert-base-uncased
MP065,en,high,convergence_area,4.840129852294922,bert-base-uncased
MP066,en,low,convergence_area,5.236469745635986,bert-base-uncased
MP066,en,high,convergence_area,4.904469013214111,bert-base-uncased
MP067,en,low,convergence_area,4.899606227874756,bert-base-uncased
MP067,en,high,convergence_area,4.904469013214111,bert-base-uncased
MP068,en,low,convergence_area,4.760268211364746,bert-base-uncased
MP068,en,high,convergence_area,3.6168994903564453,bert-base-uncased
MP069,en,low,convergence_area,5.1227946281433105,bert-base-uncased
MP069,en,high,convergence_area,4.904469013214111,bert-base-uncased
MP070,en,low,convergence_area,5.267796993255615,bert-base-uncased
MP070,en,high,convergence_area,3.269655466079712,bert-base-uncased
MP071,en,low,convergence_area,4.899606227874756,bert-base-uncased
MP071,en,high,convergence_area,4.904469013214111,bert-base-uncased
MP072,en,low,convergence_area,5.1227946281433105,bert-base-uncased
MP072,en,high,convergence_area,3.6282451152801514,bert-base-uncased
MP073,en,low,convergence_area,5.267796993255615,bert-base-uncased
MP073,en,high,convergence_area,3.6168994903564453,bert-base-uncased
MP074,en,low,convergence_area,5.664036750793457,bert-base-uncased
MP074,en,high,convergence_area,4.351010799407959,bert-base-uncased
MP075,en,low,convergence_area,4.899606227874756,bert-base-uncased
MP075,en,high,convergence_area,3.6282451152801514,bert-base-uncased
MP076,en,low,convergence_area,5.205134868621826,bert-base-uncased
MP076,en,high,convergence_area,4.904469013214111,bert-base-uncased
MP077,en,low,convergence_area,5.236469745635986,bert-base-uncased
MP077,en,high,convergence_area,4.904469013214111,bert-base-uncased
MP078,en,low,convergence_area,5.236469745635986,bert-base-uncased
MP078,en,high,convergence_area,4.351010799407959,bert-base-uncased
MP079,en,low,convergence_area,4.899606227874756,bert-base-uncased
MP079,en,high,convergence_area,3.6168994903564453,bert-base-uncased
MP080,en,low,convergence_area,4.899606227874756,bert-base-uncased
MP080,en,high,convergence_area,3.6282451152801514,bert-base-uncased
MP081,en,low,convergence_area,5.236469745635986,bert-base-uncased
MP081,en,high,convergence_area,3.6168994903564453,bert-base-uncased
MP082,en,low,convergence_area,5.205134868621826,bert-base-uncased
MP082,en,high,convergence_area,3.269655466079712,bert-base-uncased
MP083,en,low,convergence_area,5.311115264892578,bert-base-uncased
MP083,en,high,convergence_area,4.840129852294922,bert-base-uncased
MP084,en,low,convergence_area,4.760268211364746,bert-base-uncased
MP084,en,high,convergence_area,4.840129852294922,bert-base-uncased
MP085,en,low,convergence_area,5.205134868621826,bert-base-uncased
MP085,en,high,convergence_area,3.6168994903564453,bert-base-uncased
MP086,en,low,convergence_area,5.664036750793457,bert-base-uncased
MP086,en,high,convergence_area,3.269655466079712,bert-base-uncased
MP087,en,low,convergence_area,5.267796993255615,bert-base-uncased
MP087,en,high,convergence_area,3.6168994903564453,bert-base-uncased
MP088,en,low,convergence_area,5.267796993255615,bert-base-uncased
MP088,en,high,convergence_area,3.6168994903564453,bert-base-uncased
MP089,en,low,convergence_area,5.267796993255615,bert-base-uncased
MP089,en,high,convergence_area,4.840129852294922,bert-base-uncased
MP090,en,low,convergence_area,5.236469745635986,bert-base-uncased
MP090,en,high,convergence_area,4.840129852294922,bert-base-uncased
MP091,en,low,convergence_area,4.899606227874756,bert-base-uncased
MP091,en,high,convergence_area,4.840129852294922,bert-base-uncased
MP092,en,low,convergence_area,4.899606227874756,bert-base-uncased
MP092,en,high,convergence_area,4.904469013214111,bert-base-uncased
MP093,en,low,convergence_area,5.236469745635986,bert-base-uncased
MP093,en,high,convergence_area,4.515805244445801,bert-base-uncased
MP094,en,low,convergence_area,5.1227946281433105,bert-base-uncased
MP094,en,high,convergence_area,5.664036750793457,bert-base-uncased
MP095,en,low,convergence_area,5.001912593841553,bert-base-uncased
MP095,en,high,convergence_area,4.351010799407959,bert-base-uncased
MP096,en,low,convergence_area,5.205134868621826,bert-base-uncased
MP096,en,high,convergence_area,4.840129852294922,bert-base-uncased
MP097,en,low,convergence_area,5.267796993255615,bert-base-uncased
MP097,en,high,convergence_area,4.904469013214111,bert-base-uncased
MP098,en,low,convergence_area,5.205134868621826,bert-base-uncased
MP098,en,high,convergence_area,3.6282451152801514,bert-base-uncased
MP099,en,low,convergence_area,5.267796993255615,bert-base-uncased
MP099,en,high,convergence_area,3.6168994903564453,bert-base-uncased
MP100,en,low,convergence_area,4.899606227874756,bert-base-uncased
MP100,en,high,convergence_area,3.6168994903564453,bert-base-uncased
